{
  "Total" : {
    "transaction" : "Total",
    "sampleCount" : 1000,
    "errorCount" : 1,
    "errorPct" : 0.1,
    "meanResTime" : 24.616999999999972,
    "medianResTime" : 4.0,
    "minResTime" : 2.0,
    "maxResTime" : 567.0,
    "pct1ResTime" : 37.799999999999955,
    "pct2ResTime" : 176.64999999999952,
    "pct3ResTime" : 373.9200000000001,
    "throughput" : 50.92946269416858,
    "receivedKBytesPerSec" : 17.814917160045834,
    "sentKBytesPerSec" : 430.67177154952884
  },
  "HTTP Request" : {
    "transaction" : "HTTP Request",
    "sampleCount" : 1000,
    "errorCount" : 1,
    "errorPct" : 0.1,
    "meanResTime" : 24.616999999999972,
    "medianResTime" : 4.0,
    "minResTime" : 2.0,
    "maxResTime" : 567.0,
    "pct1ResTime" : 37.799999999999955,
    "pct2ResTime" : 176.64999999999952,
    "pct3ResTime" : 373.9200000000001,
    "throughput" : 50.92946269416858,
    "receivedKBytesPerSec" : 17.814917160045834,
    "sentKBytesPerSec" : 430.67177154952884
  }
}