{
  "Total" : {
    "transaction" : "Total",
    "sampleCount" : 300,
    "errorCount" : 0,
    "errorPct" : 0.0,
    "meanResTime" : 3858.9000000000005,
    "medianResTime" : 4160.5,
    "minResTime" : 2194.0,
    "maxResTime" : 6607.0,
    "pct1ResTime" : 4864.000000000001,
    "pct2ResTime" : 5145.7,
    "pct3ResTime" : 6009.35,
    "throughput" : 13.636983499249967,
    "receivedKBytesPerSec" : 4.67439571116869,
    "sentKBytesPerSec" : 3.0896290740488204
  },
  "HTTP Request" : {
    "transaction" : "HTTP Request",
    "sampleCount" : 300,
    "errorCount" : 0,
    "errorPct" : 0.0,
    "meanResTime" : 3858.9000000000005,
    "medianResTime" : 4160.5,
    "minResTime" : 2194.0,
    "maxResTime" : 6607.0,
    "pct1ResTime" : 4864.000000000001,
    "pct2ResTime" : 5145.7,
    "pct3ResTime" : 6009.35,
    "throughput" : 13.636983499249967,
    "receivedKBytesPerSec" : 4.67439571116869,
    "sentKBytesPerSec" : 3.0896290740488204
  }
}