{
  "Total" : {
    "transaction" : "Total",
    "sampleCount" : 1000,
    "errorCount" : 67,
    "errorPct" : 6.7,
    "meanResTime" : 6448.314000000006,
    "medianResTime" : 4483.0,
    "minResTime" : 101.0,
    "maxResTime" : 23220.0,
    "pct1ResTime" : 16272.8,
    "pct2ResTime" : 21867.199999999997,
    "pct3ResTime" : 22968.95,
    "throughput" : 34.896705750977105,
    "receivedKBytesPerSec" : 16.80549012423227,
    "sentKBytesPerSec" : 7.384470093523172
  },
  "HTTP Request" : {
    "transaction" : "HTTP Request",
    "sampleCount" : 1000,
    "errorCount" : 67,
    "errorPct" : 6.7,
    "meanResTime" : 6448.314000000006,
    "medianResTime" : 4483.0,
    "minResTime" : 101.0,
    "maxResTime" : 23220.0,
    "pct1ResTime" : 16272.8,
    "pct2ResTime" : 21867.199999999997,
    "pct3ResTime" : 22968.95,
    "throughput" : 34.896705750977105,
    "receivedKBytesPerSec" : 16.80549012423227,
    "sentKBytesPerSec" : 7.384470093523172
  }
}